id,name,description,content,status,created_at,updated_at,tenant_id
641bb762-b68e-4d16-9a6d-d7b780839bbf,급여 메일 훈련 안내 페이지,급여 메일 알림 훈련 완료,"<p>🔒</p><h1>피싱 모의훈련 완료</h1><p>이 페이지는 보안 인식 강화를 위한 훈련용으로 제작되었습니다.</p><p>정상적인 급여 정보 수정 페이지가 아니며, 입력된 정보는 서버에 저장되지 않습니다.</p><p>⚠️ 이번 훈련을 통해 개인정보 유출 상황을 가정하였습니다. 실제 환경에서는 개인정보 입력 시 각별히 주의하시기 바랍니다.</p><p>항상 발신자, 도메인, URL을 꼼꼼히 확인하고</p><p>의심되는 메일의 링크나 첨부파일을 클릭하지 마세요.</p>",active,2026-01-07 01:54:36.936,2026-01-07 01:54:36.936,tenant-local-001
8b825249-7b53-46c5-a6f2-101e71758d96,배송 안내 훈련 안내 템플릿,배송 안내 훈련 완료 페이지,"<div style=""max-width:720px;margin:60px auto;text-align:center;font-family:Arial,Helvetica,sans-serif"">
  <div style=""font-size:44px;margin-bottom:10px"">🔒</div>
  <h1 style=""margin:0 0 16px 0;color:#b91c1c"">피싱 모의훈련 완료</h1>

  <p style=""margin:0 auto 18px auto;line-height:1.8;color:#991b1b;font-size:18px"">
    이 페이지는 보안 인식 강화를 위한 훈련용으로 제작되었습니다.<br />
    정상적인 배송 조회/주소 수정 페이지가 아니며, 입력된 정보는 서버에 저장되지 않습니다.
  </p>

  <p style=""margin:0 auto 18px auto;line-height:1.8;color:#991b1b;font-size:18px"">
    ⚠️ 개인정보(연락처, 주소, 인증번호 등)를 요구하는 페이지는 반드시 공식 앱/사이트에서 재확인하세요.
  </p>

  <p style=""margin:0 auto;line-height:1.8;color:#991b1b;font-size:18px"">
    발신자/도메인/URL을 확인하고, 의심되는 링크/첨부파일은 클릭하지 마세요.
  </p>
</div>
",active,2026-01-07 01:56:55.162,2026-01-07 01:56:55.162,tenant-local-001
fe06de47-3fbf-419b-8f07-394f8f3a7761,피싱 모의 훈련 안내,피싱 메일 탐지 훈련 결과 안내 페이지입니다. 사용자의 안전한 이메일 사용 습관 형성을 돕습니다.,"


    
    
    피싱 모의 훈련 안내
    


    <div class=""container"">
        <h1>피싱 모의 훈련 결과 안내</h1>
        <p>안녕하세요. 방금 보신 화면은 실제 피싱 메일과 유사하게 제작된 <span class=""highlight"">모의 훈련</span>이었습니다.</p>
        <p>본 훈련은 실제 로그인이 필요한 서비스가 아니며, 어떠한 개인정보나 금융 정보 입력, 파일 실행도 요구하지 않았습니다. 안심하셔도 좋습니다.</p>
        <p>일상 업무 중 접하는 이메일이나 메시지에서 잠재적인 위협을 인지하고, 안전하게 대처하는 습관을 기르는 것이 중요합니다. 다음은 의심스러운 메일이나 메시지를 받았을 때 꼭 확인해야 할 몇 가지 요령입니다.</p>
        <ul class=""guidance-list"">
            <li class=""guidance-item""><strong>발신자 정보 확인:</strong> 이메일 주소의 철자 오류, 이상한 도메인 사용 여부를 주의 깊게 살펴보세요.</li>
            <li class=""guidance-item""><strong>링크 및 첨부파일 주의:</strong> 링크를 클릭하거나 첨부파일을 열기 전, 마우스를 올려 실제 연결 주소를 확인하고, 공식 웹사이트나 앱을 통해 직접 접속하여 검증하는 습관을 들이세요.</li>
            <li class=""guidance-item""><strong>맥락 및 요청 사항 재확인:</strong> 민감한 정보(비밀번호, 계좌 정보 등)를 요구하거나 긴급한 조치를 요청하는 경우, 발신자에게 직접 연락하거나 사내 공식 채널을 통해 사실 여부를 다시 한번 확인하세요.</li>
        </ul>
        <p>보안 훈련에 참여해주셔서 감사합니다. 지속적인 관심과 실천으로 안전한 업무 환경을 함께 만들어갑시다.</p>
        <div class=""footer-text"">본 페이지는 교육 목적으로 제공되며, 실제 서비스와는 무관합니다.</div>
    </div>

",active,2026-03-23 03:09:25.778,2026-03-23 03:09:25.778,tenant-local-001
7678ebbd-c448-4828-b146-d4e94508d69b,계정 재설정 훈련 안내 페이지,계정 재설정 훈련 완료 템플릿,"<div style=""max-width:720px;margin:60px auto;text-align:center;font-family:Arial,Helvetica,sans-serif"">
  <div style=""font-size:44px;margin-bottom:10px"">🔒</div>
  <h1 style=""margin:0 0 16px 0;color:#b91c1c"">피싱 모의훈련 완료</h1>

  <p style=""margin:0 auto 18px auto;line-height:1.8;color:#991b1b;font-size:18px"">
    이 페이지는 보안 인식 강화를 위한 훈련용으로 제작되었습니다.<br />
    정상적인 계정 확인/제한 해제 페이지가 아니며, 입력된 정보는 서버에 저장되지 않습니다.
  </p>

  <p style=""margin:0 auto 18px auto;line-height:1.8;color:#991b1b;font-size:18px"">
    ⚠️ 계정 관련 안내는 공식 사이트/앱에 직접 접속해 확인하세요.
    이메일 링크로 로그인/인증정보 입력을 요구하는 경우 특히 주의가 필요합니다.
  </p>

  <p style=""margin:0 auto;line-height:1.8;color:#991b1b;font-size:18px"">
    의심스러운 메일은 보안팀/신고 채널로 전달해 주세요.
  </p>
</div>
",active,2026-01-07 01:59:05.926,2026-03-23 05:45:49.734,tenant-local-001
6f14a493-5a52-4ddc-a302-7e7ecb39b313,피싱 모의훈련 결과 안내,"모의 훈련 상황임을 알리고, 실제와 같은 점검 습관을 안내하는 페이지","<section style=""max-width:760px;margin:48px auto;padding:40px;border:1px solid #e5e7eb;border-radius:24px;background:#ffffff;font-family:'Apple SD Gothic Neo','Noto Sans KR',sans-serif;color:#111827"">
  <h1 style=""margin:0 0 16px;font-size:28px"">피싱 모의훈련 결과 안내</h1>
  <p style=""margin:0 0 20px;font-size:16px;line-height:1.8;color:#374151"">안녕하세요. 방금 보신 화면은 실제 피싱 메일과 유사하게 제작된 <strong>모의훈련</strong> 시나리오입니다.</p>
  <p style=""margin:0 0 20px;font-size:16px;line-height:1.8;color:#4b5563"">이 훈련은 실제 피해로 이어질 수 있는 피싱 공격에 대비하여, 여러분의 경각심을 높이고 안전한 이메일 및 메시지 열람 습관을 기르는 데 도움을 드리고자 마련되었습니다.</p>
  <h2 style=""margin:0 0 16px;font-size:20px;color:#111827"">다음과 같이 확인하는 습관을 길러보세요:</h2>
  <ul style=""margin:0 0 20px;padding-left:25px;font-size:16px;line-height:1.8;color:#4b5563"">
    <li style=""margin-bottom:10px""><strong>발신자 정보 확인:</strong> 메일 주소, 도메인이 익숙하고 정확한지 다시 한번 살펴보세요.</li>
    <li style=""margin-bottom:10px""><strong>링크 및 첨부파일 주의:</strong> 의심스러운 링크는 클릭하지 말고, 첨부파일은 실행 전 반드시 내용을 확인하세요.</li>
    <li style=""margin-bottom:10px""><strong>공식 채널 이용:</strong> 중요한 정보 확인이나 업무 처리는 메일 링크 대신 사내 포털, 공식 앱 등 신뢰할 수 있는 경로로 직접 접속하세요.</li>
  </ul>
  <p style=""margin:0;font-size:15px;line-height:1.8;color:#6b7280"">실제 로그인, 개인정보 입력, 금전 거래를 요구하는 메시지는 대부분 피싱 시도의 일부입니다. 침착하게 확인하는 습관이 여러분의 소중한 정보를 지킵니다.</p>
</section>",active,2026-03-23 05:46:46.774,2026-03-23 05:46:46.774,tenant-local-001
4ec06d8d-9400-415f-824a-adef6dec352d,보안 인식 학습: 피싱 주의 안내,"피싱 공격의 위험성을 알리고, 사용자가 실제 상황에서 어떻게 대처해야 하는지 교육합니다.","<section style=""max-width:760px;margin:48px auto;padding:40px;border:1px solid #e5e7eb;border-radius:24px;background:#f8f9fa;font-family:'Apple SD Gothic Neo','Noto Sans KR',sans-serif;color:#111827"">
  <h1 style=""margin:0 0 16px;font-size:28px;color:#d9363e"">보안 인식 학습: 피싱 주의 안내</h1>
  <p style=""margin:0 0 12px;font-size:15px;line-height:1.8;color:#374151"">안녕하세요. 고객님은 현재 <strong>보안 인식 향상</strong>을 위한 학습 페이지에 접속하셨습니다. 방금 보신 내용은 실제 피싱 공격을 재현한 모의 훈련 시나리오였습니다.</p>
  <p style=""margin:0 0 12px;font-size:15px;line-height:1.8;color:#4b5563"">이는 실제 금융 거래나 개인정보 입력을 유도하는 가짜 페이지와 매우 유사하게 만들어져, 고객님의 주의력을 테스트하고 보안 습관을 강화하기 위한 목적입니다. 안심하셔도 좋습니다. 이 페이지는 실제 정보 입력을 요구하지 않습니다.</p>
  <div style=""margin-top:24px;padding:20px;background-color:#fff;border:1px solid #e0e0e0;border-radius:8px"">
    <h2 style=""margin:0 0 12px;font-size:18px;color:#d9363e"">피싱 예방 필수 확인 사항</h2>
    <ul style=""margin:0;padding-left:20px;font-size:15px;line-height:1.8;color:#4b5563"">
      <li style=""margin-bottom:8px""><strong>주소창과 발신자 확인:</strong> 메일이나 메시지의 발신자 정보, 링크의 URL이 공식적이고 신뢰할 수 있는지 주의 깊게 살펴보세요.</li>
      <li style=""margin-bottom:8px""><strong>직접 접속 습관화:</strong> 받은 메일의 링크를 클릭하기보다, 항상 회사의 공식 웹사이트, 앱, 또는 내부 포털에 직접 접속하여 관련 정보를 확인하는 습관을 들이세요.</li>
      <li><strong>정보 제공 전 재점검:</strong> 계좌번호, 비밀번호, 주민등록번호 등 민감한 정보를 입력하거나 파일을 실행하기 전에는 반드시 발신자와 요청 내용을 다시 한번 확인하는 것이 중요합니다.</li>
    </ul>
  </div>
  <p style=""margin-top:24px;font-size:15px;line-height:1.8;color:#4b5563"">이 학습을 통해 일상 속에서 피싱 위협을 더 효과적으로 인지하고 대처하는 능력을 키우시길 바랍니다. 보안은 우리 모두의 책임입니다.</p>
</section>",active,2026-03-23 06:20:16.928,2026-03-23 06:20:16.928,tenant-local-001
e2dd35b4-08c4-461d-be1d-6ad6cbcd0f6a,피싱 모의훈련 안내,"사용자가 피싱 모의훈련에 참여했음을 알리고, 보안 의식 향상을 위한 중요한 학습 내용을 제공하는 페이지입니다.","<div style=""background-color:#ffe8e8;min-height:100vh;display:flex;justify-content:center;align-items:center""><div style=""background-color:#ffffff;border:1px solid #d45c5c;padding:30px;border-radius:5px;max-width:600px;text-align:center;font-family:sans-serif;color:#333333""><p style=""color:#d45c5c;font-size:24px;font-weight:bold;margin-top:0;margin-bottom:20px""><span style=""display:inline-block;vertical-align:middle;margin-right:10px;font-size:30px"">🔒</span>피싱 모의훈련 완료</p><p style=""font-size:16px;line-height:1.5;margin-bottom:10px"">이 페이지는 보안 인식 강화를 위한 훈련용으로 제작되었습니다.</p><p style=""font-size:16px;line-height:1.5;margin-bottom:30px"">정상적인 로그인 페이지가 아니며, 정보를 서버에 저장하지 않습니다.</p><div style=""text-align:left;border-top:1px solid #eeeeee;padding-top:20px;margin-top:20px""><p style=""font-size:18px;font-weight:bold;color:#d45c5c;margin-bottom:15px"">피싱 대응 기본 수칙</p><ul style=""list-style:none;padding-left:0;margin-top:0""><li style=""margin-bottom:10px;font-size:15px;line-height:1.5""><span style=""color:#d45c5c;font-weight:bold"">1. 공식 경로 확인:</span> 메일/메시지의 링크를 바로 누르지 마세요. 공식 웹사이트, 공식 앱, 사내 포털 등 신뢰할 수 있는 경로로 직접 접속하여 내용을 확인하세요.</li><li style=""margin-bottom:10px;font-size:15px;line-height:1.5""><span style=""color:#d45c5c;font-weight:bold"">2. 발신자 및 도메인 확인:</span> 민감한 정보 입력이나 파일 실행 전에는 발신자 이메일 주소, 도메인, 그리고 요청의 맥락이 정상적인지 다시 한번 확인하세요.</li><li style=""margin-bottom:0px;font-size:15px;line-height:1.5""><span style=""color:#d45c5c;font-weight:bold"">3. 정보 제출 주의:</span> 어떠한 경우에도 의심스러운 페이지에 개인 정보(아이디, 비밀번호, 카드 정보 등)를 입력하거나 첨부파일을 실행하지 마세요.</li></ul></div></div></div>",active,2026-03-24 18:47:58.921,2026-03-24 18:47:58.921,tenant-local-001
fc739ddf-e97d-47cd-9cd8-8dc8d989bd9b,피싱 대응 기본 수칙 - 2026년 상반기 보안교육,"피싱 모의훈련 완료 후 안내 페이지로, 기본적인 피싱 대응 수칙과 확인 요령을 제공합니다.","<section style=""max-width:760px;margin:48px auto;padding:40px;border:1px solid #e5e7eb;border-radius:24px;background:#ffffff;font-family:'Apple SD Gothic Neo','Noto Sans KR',sans-serif;color:#111827""><h1 style=""margin:0 0 16px;font-size:28px;color:#1f2937"">🛡️ 피싱 대응 기본 수칙 안내</h1><div style=""padding:16px;background:#fef3c7;border-left:4px solid #f59e0b;margin:0 0 24px;border-radius:4px""><p style=""margin:0;font-size:15px;color:#92400e;font-weight:500"">방금 확인하신 페이지는 2026년 상반기 보안교육의 일환으로 진행된 피싱 모의훈련이었습니다.</p></div><p style=""margin:0 0 20px;font-size:15px;line-height:1.8;color:#374151"">실제 개인정보 입력이나 로그인은 필요하지 않습니다. 이번 훈련을 통해 피싱 공격의 특징을 학습하고, 향후 유사한 상황에서 올바른 대응 방법을 익히시기 바랍니다.</p><h2 style=""margin:24px 0 16px;font-size:20px;color:#1f2937"">📋 핵심 확인 요령</h2><ul style=""margin:0 0 20px;padding-left:20px;color:#4b5563""><li style=""margin:0 0 8px;font-size:15px;line-height:1.6""><strong>발신자 정보 확인:</strong> 이메일 주소, 도메인이 공식 주소와 일치하는지 확인</li><li style=""margin:0 0 8px;font-size:15px;line-height:1.6""><strong>공식 경로 이용:</strong> 링크 클릭 대신 공식 사이트나 사내 포털로 직접 접속</li><li style=""margin:0;font-size:15px;line-height:1.6""><strong>민감정보 보호:</strong> 비밀번호, 개인정보 입력 전 반드시 재확인</li></ul><p style=""margin:0;font-size:15px;line-height:1.8;color:#6b7280"">의심스러운 메일이나 메시지를 받으신 경우, 즉시 보안팀에 신고해 주시기 바랍니다.</p></section>",active,2026-03-25 06:56:55.504,2026-03-25 06:56:55.504,tenant-local-001
cdc19ea5-b36f-4263-b397-d02f659d6229,2026 상반기 보안교육 - 피싱 모의훈련 완료,피싱 메일 식별 능력 향상을 위한 실습형 보안교육 안내 페이지입니다.,"<section style=""max-width:760px;margin:48px auto;padding:40px;border:1px solid #e5e7eb;border-radius:24px;background:#ffffff;font-family:'Apple SD Gothic Neo','Noto Sans KR',sans-serif;color:#111827""><div style=""background:#f0f9ff;padding:16px;border-radius:12px;margin-bottom:24px;border-left:4px solid #0ea5e9""><h1 style=""margin:0 0 8px;font-size:24px;color:#0369a1"">📧 2026년 상반기 보안교육 - 피싱 대응 실습</h1><p style=""margin:0;font-size:14px;color:#0284c7;font-weight:500"">모의훈련 시나리오 완료</p></div><p style=""margin:0 0 20px;font-size:16px;line-height:1.7;color:#374151"">방금 확인하신 메일은 <strong>피싱 모의훈련용 시나리오</strong>였습니다. 실제 개인정보 수집이나 로그인이 필요한 상황이 아니니 안심하시기 바랍니다.</p><div style=""background:#fefce8;padding:20px;border-radius:12px;margin:24px 0;border:1px solid #fde047""><h2 style=""margin:0 0 16px;font-size:18px;color:#a16207"">🔍 앞으로 이렇게 확인하세요</h2><ul style=""margin:0;padding-left:20px;color:#92400e;line-height:1.8""><li style=""margin-bottom:8px""><strong>링크 클릭 전 일시정지:</strong> 메일의 발신자 주소와 도메인을 꼼꼼히 확인</li><li style=""margin-bottom:8px""><strong>공식 경로로 재확인:</strong> 사내 포털이나 공식 앱을 통해 직접 접속하여 확인</li><li><strong>민감정보 입력 금지:</strong> 메일에서 바로 연결된 페이지에는 개인정보 입력하지 않기</li></ul></div><p style=""margin:24px 0 0;font-size:15px;line-height:1.7;color:#6b7280"">의심스러운 메일을 받으시면 IT보안팀(내선 1234)으로 문의해 주시기 바랍니다.</p></section>",active,2026-03-25 07:03:36.88,2026-03-25 07:03:36.88,tenant-local-001
